Workbook

Sheet Sun 6
A1: SUN-HAPPY TREE 6 SYLLABUS
A2: DATES | B2: LESSONS | C2: UNITS | D2: Student's book PAGES | E2: CONTENTS
E3: Vocabulary | F3: Gramamr/Structures | G3: Lesson target | H3: Homework
H4: Activity book pages | I4: Handbook | J4: E-learning (Assigned by CM)
A5: TERM A (UNIT HELLO THERE! - UNIT 4)
A6: 46120 | B6: 1 | C6: UNIT 0 HIGH TECHNOLOGY | D6: 4-5 | E6: - Introduce the topic, use mind-mapping to explore technology words | F6: - Present simple tense review | G6: - Students can name all technology words as many as they can. (Use mind-mapping) | H6: 4-5 | I6: =B6 -> 1 | J6: Language 1 - 2
A7: 46123 | B7: 2 | C7: UNIT 0 HIGH TECHNOLOGY | D7: 45844 | E7: - Kid's Box reports: Technology screen, headphones, microphone, file, email, upload, app, laptops, tablets, smartphones, online, wi-fi, video games, chat, competition, smart speaker, turn on/off - Activities with song | F7: - Present simple: can and can't - Present simple: have/has got | G7: - Students remember new words. - Students understand the important of technology in our lives. | H7: 45844 | I7: =B7 -> 2 | J7: Vocabulary 1-2 | L7: x
A8: 46127 | B8: 3 | C8: UNIT 0 HIGH TECHNOLOGY | D8: 8-9 | E8: - Sounds: stressed words - Life skills: Being a good school citizen - Story: Diggory bones | F8: We can write ... We have to ... I think it's important to... | G8: - Students practice the pronunciation - Students can ask friends about their techonology things they have got - With the story, make 3 questions so students will answer them after the story | H8: 8-9 | I8: =B8 -> 3 | J8: Reading 1 and 2
A9: 46130 | B9: 4 | C9: UNIT 0 HIGH TECHNOLOGY | D9: REVIEW | E9: Review Unit 0 vocabulary - Technology | F9: - Present simple: have/has got - Present simple: can and can't | G9: - Teachers help students to make speaking structure. - Students can use grammar to talk about their project. | H9: No homework | I9: =B9 -> 4 | J9: Unit 0 Game 1 & 2
A10: 46134 | B10: 5 | C10: UNIT 1 BEASTLY TALES | D10: 10-11 | E10: - Introduce the topic, use mind-mapping to explore animals words. | F10: - Future: be going to | G10: - Students understand the topic - Students can name all TV words as much as they can - Students use grammar correctly. | H10: 10-11 | I10: =B10 -> 5 | J10: Language 1 - 2
A11: 46141 | B11: 6 | C11: UNIT 1 BEASTLY TALES | D11: 12-13 | E11: - Kid's Box reports: Myths + eagle, claws, horn, feathers, scales, dragon, nest, mermaid, griffins, breathe, centaur, unicorn, sirens, harpies - Activity with song. | F11: - Present simple review: have/has got - Relative clauses: Who, where, which | G11: - Students remember new words - Students can name some beasts they know from movie. | H11: 12 | I11: =B11 -> 6 | J11: Vocabulary 1 | L11: x
A12: 46148 | B12: 7 | C12: UNIT 1 BEASTLY TALES | D12: 11 & 13 | E12: Review Kid's Box reports: eagle, claws, horn, feathers, scales, dragon, nest, mermaid, griffins, breathe, centaur, unicorn, sirens, harpies | F12: - Present simple review: have/has got - Relative clauses: Who, where, which | G12: - Students remember new words - Students can name some beasts they know from movie. | H12: 13 | I12: =B12 -> 7 | J12: Vocabulary 2 | L12: x
A13: 46151 | B13: 8 | C13: UNIT 1 BEASTLY TALES | D13: 14-15 | E13: - Sounds: word endings -ing - Life skills: Supporting your friends - Story: Diggory bones | F13: Good luck with ... Go for it! You're good at it! We're right here with you! | G13: - Student learn some words start with /th/ sound. Encourage students to say more words. - With the story, make 3 questions so students will answer them after the story - With writing, students can write at least 20 words. | H13: 14-15 | I13: =B13 -> 8 | J13: Grammar 3 | L13: x
A14: 46155 | B14: 9 | C14: UNIT 1 BEASTLY TALES | D14: 16-17 | E14: - History: toys and games + popular, counters, bone, dice, sides, terracotta, ancient, similar to | F14: Relative clause: Who and which | G14: - Students understand the topic and review the grammar. | H14: 16-17 | I14: =B14 -> 9 | J14: Reading 1 & 2 | L14: x
A15: 46158 | B15: 10 | C15: UNIT 1 BEASTLY TALES | D15: REVIEW & TEST | E15: - Review Unit 1 vocabulary and grammar - Unit 1 paper test | F15: - Present simple review: have/has got - Relative clauses: Who, where, which | G15: - Students can do the test without any assistant - Students can stand in front of class and talk about their favorite TV program. | H15: No homework | I15: =B15 -> 10 | J15: Game 1 & 2
A16: 46162 | B16: 11 | C16: UNIT 2 TOMORROW'S WORLD | D16: 18-19 | E16: - Introduce the topic, use mind-mapping to explore transport words. - Activity with song | F16: - Future: will and won't | G16: - Students understand the topic - Students can name transport words as much as they can - Students can use grammar to talk about their future life. | H16: 18-19 | I16: =B16 -> 11 | J16: Vocabulary 1 Grammar 2
A17: 46165 | B17: 12 | C17: UNIT 2 TOMORROW'S WORLD | D17: 20-21 | E17: - Kid's Box reports: Space Travel space, air, earth, rocket, moon, astronaut, engineer, businessman, tourist, float, transport | F17: - Review future tense: will and won't - Connectors: after that, because, before, then, when | G17: - Students remember new words - Students can say what will they do if they have a space travel | H17: 20 | I17: =B17 -> 12 | J17: Vocabulary 2 | L17: x
A18: 46169 | B18: 13 | C18: UNIT 2 TOMORROW'S WORLD | D18: 18 & 21 | E18: Review Kid's Box reports: Space Travel space, air, earth, rocket, moon, astronaut, engineer, businessman, tourist, float, transport | F18: - Review future tense: will and won't - Connectors: after that, because, before, then, when | G18: - Students remember new words - Students can say what will they do if they have a space travel | H18: 21 | I18: =B18 -> 13 | J18: Grammar 3 | L18: x
A19: 46172 | B19: 14 | C19: UNIT 2 TOMORROW'S WORLD | D19: 22-23 | E19: - Sounds: strong words - Life skills: Choosing a point of view - Story: Diggory bones | F19: In the future, I think we'll .. We won't ... I agree/ I don't agree ... because ... | G19: - Student practice pronunciation with contractions - With the story, make 3 questions so students will answer them after the story - Students can write at least 20 words about their future | H19: 22-23 | I19: =B19 -> 14 | J19: Grammar 1 Vocabulary 3 | L19: x
A20: 46176 | B20: 15 | C20: UNIT 2 TOMORROW'S WORLD | D20: 24-25 | E20: - Physics: Robots + computer technology, produce, perform, surgery, remote surgery, built-in alarm, entertain, robot devices, robot vehicles, research | F20: Learn to write instructions | G20: - Students understand the topic and remember the planets - Students remember the order of planets from the Sun. | H20: 24-25 | I20: =B20 -> 15 | J20: Reading 1 & 2
A21: 46179 | B21: 16 | C21: UNIT 2 TOMORROW'S WORLD | D21: REVIEW & TEST | E21: - Review Unit 2 vocabulary and grammar - Unit 2 paper test | F21: - Review future tense: will and won't - Connectors: after that, because, before, then, when | G21: - Students can do the test without any assistant - Students can stand in front of class and talk about their future jobs. | H21: No homework | I21: =B21 -> 16 | J21: Game 1 & 2
A22: 46183 | B22: 17 | C22: UNIT 3 THE GREAT OURDOOR | D22: 28-29 | E22: - Introduce the topic, use mind-mapping to explore countryside words. - Activity with song | F22: Past continuous - I was jumping over a rock when I fell. - Were you playing when you broke your arm? No, I wasn't playing. | G22: - Students understand the topic - Students can name countryside words as many as they can - Students can use grammar correctly. | H22: 28-29 | I22: =B22 -> 17 | J22: Vocabulary 3 Grammar 2
A23: 46186 | B23: 18 | C23: UNIT 3 THE GREAT OURDOOR | D23: 30-31 | E23: - Kid's Box reports: explorers + north, south, east, west, explorer, tent, torch, rucksack, sleeping bag, camp, flashlight, adventures, journey - Writing: Write an adventure | F23: Review Past continuous | G23: - Students remember new words - Students know famous explorers in the world - Students finish writing activity | H23: 30 | I23: =B23 -> 18 | J23: Vocabulary 1 | L23: x
A24: 46190 | B24: 19 | C24: UNIT 3 THE GREAT OURDOOR | D24: 28 & 31 | E24: - Review countryside words - Review Kid's Box reports: explorers + north, south, east, west, explorer, tent, torch, rucksack, sleeping bag, camp, flashlight, adventures, journey | F24: Review Past continuous | G24: - Students remember new words - Students know famous explorers in the world - Students finish writing activity | H24: 31 | I24: =B24 -> 19 | J24: Grammar 1 | L24: x
A25: 46193 | B25: 20 | C25: UNIT 3 THE GREAT OURDOOR | D25: 32-33 | E25: - Sounds: /b/, /v/ and /w/ sounds - Life skills: Imagining posibilities - Story: Diggory bones | F25: Past simple and past continuous | G25: - Student practice consonant sound 'k' - With the story, make 3 questions so students will answer them after the story - Students can write at least 20 words in writing exercise - Students understand the topic of video | H25: 32-33 | I25: =B25 -> 20 | J25: Reading 1 and 2 | L25: x
B26: 21 | C26: UNIT 3 THE GREAT OURDOOR | D26: 34-35 | E26: - Geography: mountains + landform, high above, mountain range, plates, mountain rage, plates, Earth's crust, forming, peak | F26: Like + ing to talk about what we enjoy Would like + infinitive to talk about what we want to do | G26: - Students understand the topic and the different between lanscape painting with others. | H26: 34-35 | I26: =B26 -> 21 | J26: Vocabulary 2 Grammar 3 | L26: x
B27: 22 | C27: UNIT 3 THE GREAT OURDOOR | D27: REVIEW & TEST | E27: - Review Unit 3 vocabulary and grammar - Unit 3 paper test | F27: Past continuous - I was jumping over a rock when I fell. - Were you playing when you broke your arm? No, I wasn't playing. | G27: - Students can do the test without any assistant - Students can stand in front of class and talk about their famous artist | H27: No homework | I27: =B27 -> 22 | J27: Game 1 and 2
A28: 46204 | B28: 23 | C28: UNIT 4 FOOD, GLORIOUS FOOD | D28: 36-37 | E28: - Introduce the topic, use mind-mapping to explore food words. | F28: - Enough/ Too many/ too much - Future and present perfect tense | G28: - Students understand the topic - Students can name food words as many as they can - Students can use grammar correctly. | H28: 36-37 | I28: =B28 -> 23 | J28: Language 1 - 2
A29: 46207 | B29: 24 | C29: UNIT 4 FOOD, GLORIOUS FOOD | D29: 38-39 | E29: - Review food words - Kid's Box reports: Food + Sushi, dish, chopsticks, pizza, pasta, sauce, paella, pan, snack, popcorn, butter, biscuits, fruit, jam, peanuts | F29: - Use enough/too many and there is/are with countable and uncountable nouns. | G29: - Students remember new words - Students know how to make food of the lesson. | H29: 38 | I29: =B29 -> 24 | J29: Vocabulary 1-2 | L29: x
A30: 46211 | B30: 25 | C30: UNIT 4 FOOD, GLORIOUS FOOD | D30: 36 & 39 | E30: - Review food words - Review Kid's Box reports: Food + Sushi, dish, chopsticks, pizza, pasta, sauce, paella, pan, snack, popcorn, butter, biscuits, fruit, jam, peanuts | F30: - Use enough/too many and there is/are with countable and uncountable nouns. | G30: - Students remember new words - Students know how to make food of the lesson. | H30: 39 | I30: =B30 -> 25 | J30: A2 Flyers + Values | L30: x
A31: 46214 | B31: 26 | C31: UNIT 4 FOOD, GLORIOUS FOOD | D31: 40-41 | E31: - Sounds: strong words - Life skills: Exploring food from other cultures - Story: Diggory bones | F31: So let's ... Where is/are ... from? If you want, we can ... Cool, why not? | G31: - Student practice /gh/ sound - With the story, make 3 questions so students will answer them after the story - Students can write at least 20 words in writing exercise - Students understand how to make food in the video | H31: 40-41 | I31: =B31 -> 26 | J31: Sound and Life Skills Story | L31: x
A32: 46218 | B32: 27 | C32: UNIT 4 FOOD, GLORIOUS FOOD | D32: 42-43 | E32: - Biology: apples + raw, vitamins, minerals, skin, mild, orchard, seeds, polimate, harvest time | F32: Learn to write sequencing words | G32: - Students understand the topic - Students know how to keep food in safe condition. | H32: 42-43 | I32: =B32 -> 27 | J32: CLIL: biology | L32: x
A33: 46221 | B33: 28 | C33: UNIT 4 FOOD, GLORIOUS FOOD | D33: REVIEW & TEST | E33: - Review Unit 4 vocabulary and grammar - Unit 4 paper test | F33: - Enough/ Too many - Future and present perfect tense - Use enough/too many and there is/are with countable and uncountable nouns. | G33: - Students can do the test without any assistant - Students understand the value of lesson - Students can stand in front of class and talk about their favourite food. | H33: No homework | I33: =B33 -> 28 | J33: Review + Game
A34: 46225 | B34: 29 | C34: REVIEW UNIT 1 | D34: 10-17 | E34: Review Unit 1 vocabulary - Animals - Myth legends | F34: - Present simple review: have/has got - Relative clauses: Who, where, which | G34: Students review for the mid-term test | H34: No homework | I34: =B34 -> 29 | J34: Unit 1 Review + Game
A35: 46228 | B35: 30 | C35: REVIEW UNIT 2 | D35: 18-27 | E35: Review Unit 2 vocabulary - Space travel - Solar system | F35: - Review future tense: will and won't - Connectors: after that, because, before, then, when | G35: Students review for the mid-term test | H35: No homework | I35: =B35 -> 30 | J35: Unit 2 Review + Game
A36: 46232 | B36: 31 | C36: REVIEW UNIT 3 | D36: 28-35 | E36: Review Unit 3 vocabulary - Explorers | F36: Past continuous - I was jumping over a rock when I fell. - Were you playing when you broke your arm? No, I wasn't playing. | G36: Students review for the mid-term test | H36: No homework | I36: =B36 -> 31 | J36: Unit 3 Review + Game
A37: 46235 | B37: 32 | C37: REVIEW UNIT 4 | D37: 36-43 | E37: Review Unit 4 vocabulary - Food | F37: - Enough/ Too many - Future and present perfect tense - Use enough/too many and there is/are with countable and uncountable nouns. | G37: Students review for the mid-term test | H37: No homework | I37: =B37 -> 32 | J37: Unit 4 Review + Game
B38: 33 | C38: TEST | E38: MIDTERM TEST - LISTENING, READING, WRITING (For Listening, each part will be listened in 2 times) | G38: - Teachers instruct students what to do in each part of the paper test - Teachers prepare worksheets for students to do in class if they finish early - Teachers also can do speaking test for students while they're doing the worksheets | H38: No homework | I38: =B38 -> 33
B39: 34 | C39: TEST | E39: MIDTERM TEST - SPEAKING (See the speaking instruction in Test Answer Key) | G39: - Teachers prepare worksheets for students to do in class - Teachers instruct students what to do in each part of the speaking test - Teachers complete the speaking test for all students | H39: No homework | I39: =B39 -> 34
B40: 35 | C40: YLE PRACTICE | D40: Link | E40: EXTRA BOOK: FUN FOR FLYERS (Unit 29-35) | G40: - Students practice Flyers Cambridge exam - Teachers ask students to open Handbook | H40: No homework | I40: No homework
B41: 36 | C41: YLE PRACTICE | E41: EXTRA BOOK: FUN FOR FLYERS (Unit 36-42) | G41: - Students practice Flyers Cambridge exam - Teachers ask students to open Handbook | H41: No homework | I41: No homework
A42: TERM B (UNIT 5 - UNIT 8)
B43: 37 | C43: UNIT 5 UNDER THE SEA | D43: 46-47 | E43: - Introduce the topic, use mind-mapping to explore sea words. - Activity with song | F43: Present perfect with "still" - We still haven't chosen a project - Has he playe with the sand? Yes, he has./ No, he hasn't. | G43: - Students understand the topic - Students can name sea words as many as they can - Students can use grammar correctly. | H43: 46-47 | I43: =B43 -> 37 | J43: Grammar 1 & 3
B44: 38 | C44: UNIT 5 UNDER THE SEA | D44: 48-49 | E44: - Kid's Box reports: Sea animals + seal, turtle, mammal, crab, claw, lobster, shell, coral reef, octopus, squid, jellyfish, ocean | F44: Present perfect with 'for' and 'since' | G44: - Students remember new words - Students know general information of sea animals in the ezine. | H44: 48 | I44: =B44 -> 38 | J44: Vocabulary 1 | L44: x
B45: 39 | C45: UNIT 5 UNDER THE SEA | D45: 46 & 49 | E45: - Review sea words - Review Kid's Box reports: Sea animals + seal, turtle, mammal, crab, claw, lobster, shell, coral reef, octopus, squid, jellyfish, ocean | F45: Present perfect with 'for' and 'since' | G45: - Students remember new words - Students know general information of sea animals in the ezine. | H45: 49 | I45: =B45 -> 39 | J45: Grammar 2 | L45: x
B46: 40 | C46: UNIT 5 UNDER THE SEA | D46: 50-51 | E46: - Sounds: /p/, /b/, /d/ and /ð/ - Life skills: Finding out more - Story: Diggory bones | F46: What's happening...? They've found... | G46: - Student practice stress syllables - With the story, make 3 questions so students will answer them after the story - Students can make questions to ask their friends | H46: 50-51 | I46: =B46 -> 40 | J46: Reading 1 and 2 | L46: x
B47: 41 | C47: UNIT 5 UNDER THE SEA | D47: 52-53 | E47: - Enviroment: Renewable energy + energy, fossil fuels, pollution, enviroment, renewable energy, wind turbines, wind energy, solar energy, solar panels, silicon, hydro energy | F47: Learn about topic sentences | G47: - Students understand the food and make the food web. - Students understand the improtant of food chain. | H47: 52-53 | I47: =B47 -> 41 | J47: Vocabulary 2 & 3 | L47: x
B48: 42 | C48: UNIT 5 UNDER THE SEA | D48: REVIEW & TEST | E48: - Review Unit 5 vocabulary and grammar - Unit 5 paper test | F48: Present perfect with "still" - We still haven't chosen a project - Has he playe with the sand? Yes, he has./ No, he hasn't. | G48: - Students can do the test without any assistant - Students can stand in front of class and talk about a sea animal | H48: No homework | I48: =B48 -> 42 | J48: Game 1 and 2
B49: 43 | C49: EXTRA BOOKS STORY FUN 6 | D49: 44869 | E49: Topic 1: Swan Island | G49: Students read the story and practice YLE exercises | H49: No homework | I49: =B49 -> 43
B50: 44 | C50: UNIT 6 FREE TIME | D50: 54-55 | E50: - Introduce the topic, use mind-mapping to explore free time words. | F50: Quantifiers: some/any/every | G50: - Students understand the topic - Students can name free time words as many as they can - Students can use grammar correctly. | H50: 54-55 | I50: =B50 -> 44 | J50: Grammar 1 & 2
B51: 45 | C51: UNIT 6 FREE TIME | D51: 56-57 | E51: - Kid's Box reports: Hobbies + clothes design, sew, skateboard, trick, mountain bike, bike trail, puzzle, board game, chess, play an instrument, beatbox, ballet dancer - Activity with song | F51: - Review quantifiers | G51: - Students remember new words - Students can talk about their hobbies | H51: 56 | I51: =B51 -> 45 | J51: Vocabulary 1 | L51: x
B52: 46 | C52: UNIT 6 FREE TIME | D52: 54 & 57 | E52: - Review free time words - Review Kid's Box reports: Hobbies + clothes design, sew, skateboard, trick, mountain bike, bike trail, puzzle, board game, chess, play an instrument, beatbox, ballet dancer | F52: - Review quantifiers | G52: - Students remember new words - Students can talk about their hobbies | H52: 57 | I52: =B52 -> 46 | J52: Grammar 3 | L52: x
B53: 47 | C53: UNIT 6 FREE TIME | D53: 58-59 | E53: - Sounds: intonation in questions - Life skills: Imagining and inventing - Story: Diggory bones | F53: I've got an idea! We can use ... to ... ...'s invented a game | G53: - Student practice short vowel "u" - With the story, make 3 questions so students will answer them after the story - Students understand the video topic | H53: 58-59 | I53: =B53 -> 47 | J53: Reading 1 and 2 | L53: x
B54: 48 | C54: UNIT 6 FREE TIME | D54: 60-61 | E54: Design: Rollercoasters + train, gravity, track, twists, turns, loops, upside down, wheels, fall off, harness | F54: Learn about adjectives to make stories more interesting | G54: - Students know different type of music | H54: 60-61 | I54: =B54 -> 48 | J54: Vocabulary 2 & 3 | L54: x
B55: 49 | C55: UNIT 6 FREE TIME | D55: REVIEW & TEST | E55: - Review Unit 6 vocabulary and grammar - Unit 6 paper test | F55: Quantifiers: some/any/every | G55: - Students can do the test without any assistant - Students understand the value of lesson - Students can stand in front of class and talk about their hobbies | H55: No homework | I55: =B55 -> 49 | J55: Game 1 and 2
B56: 50 | C56: EXTRA BOOKS STORY FUN 6 | D56: 20-27 | E56: Topic 3: Frank's funny shopping trip | G56: Students read the story and practice YLE exercises | H56: No homework | I56: =B56 -> 50
B57: 51 | C57: UNIT 7 FASHION SENSE | D57: 64-65 | E57: - Introduce the topic, use mind-mapping to explore clothes words. | F57: - Future tense: be going to - Posibility: May/might | G57: - Students understand the topic - Students can name clothes words as many as they can - Students can use grammar correctly. | H57: 64-65 | I57: =B57 -> 51 | J57: Grammar 1 & 2
B58: 52 | C58: UNIT 7 FASHION SENSE | D58: 66-67 | E58: - Kid's Box reports: Fashion + Buttons, decorate, umbrella, protected, light, shorts, gloves, belt, pocket, tight, thin, thick, heavy, nylon - Activity with song. | F58: - Review posibility: May/might - Present continuous and present simple to talk about clothes | G58: - Students remember new words - Students can talk about clothes of characters in the picture | H58: 66 | I58: =B58 -> 52 | J58: Vocabulary 1 | L58: x
B59: 53 | C59: UNIT 7 FASHION SENSE | D59: 64 & 67 | E59: - Review clothes words - Review Kid's Box reports: Fashion + Buttons, decorate, umbrella, protected, light, shorts, gloves, belt, pocket, tight, thin, thick, heavy, nylon | F59: - Review posibility: May/might - Present continuous and present simple to talk about clothes | G59: - Students remember new words - Students can talk about clothes of characters in the picture | H59: 67 | I59: =B59 -> 53 | J59: Vocabulary 3 | L59: x
B60: 54 | C60: UNIT 7 FASHION SENSE | D60: 68-69 | E60: - Sounds: connected speech - Life skills: Planning together - Story: Diggory bones | F60: We might want to ... How about ... Having orange balloons may be better | G60: - Student practice intonation to express feeling - With the story, make 3 questions so students will answer them after the story | H60: 68-69 | I60: =B60 -> 54 | J60: Reading 1 and 2 | L60: x
B61: 55 | C61: UNIT 7 FASHION SENSE | D61: 70-71 | E61: - History: Clothes + feathers, earings, silk, cotton, leather, fur, bones, shells. | F61: - Present simple and present perfect tense | G61: - Students understand the history of clothes and tradditional clothes of some countries. | H61: 70-71 | I61: =B61 -> 55 | J61: Vocabulary 2 Grammar 3
B62: 56 | C62: UNIT 7 FASHION SENSE | D62: REVIEW & TEST | E62: - Review Unit 7 vocabulary and grammar - Unit 7 paper test | F62: - Review posibility: May/might - Present continuous and present simple to talk about clothes | G62: - Students can do the test without any assistant - Students can stand in front of class and talk about their clothes | H62: No homework | I62: =B62 -> 56 | J62: Game 1 and 2
B63: 57 | C63: EXTRA BOOKS STORY FUN 6 | D63: 36-43 | E63: Topic 5: Katy's favourite song | G63: Students read the story and practice YLE exercises | H63: No homework | I63: =B63 -> 57
B64: 58 | C64: UNIT 8 AROUND THE WORLD | D64: 72-73 | E64: - Introduce the topic, use mind-mapping to brainstorm the countries - Activity with song | F64: Present perfect with already, just and yet - I've already found four. - I've just tidied my desk. | G64: - Students understand the topic - Students can name countries as many as they can - Students can use grammar correctly. | H64: 72-73 | I64: =B64 -> 58 | J64: Grammar 1 & 3
B65: 59 | C65: UNIT 8 AROUND THE WORLD | D65: 74-75 | E65: - Kid's Box reports: Countries + Brazil, India, France, Mexico, Germany, Portugal, Greece, Spain, China + Brazilian, Indian, French, Mexican, German, Portuguese, Greek, Spanish, Chinese | F65: - Review present perfect - Regular and irregular past participles | G65: - Students remember new words - Students know the capital city and languages of the countries in the paragraph. | H65: 74 | I65: =B65 -> 59 | J65: Vocabulary 1
B66: 60 | C66: UNIT 8 AROUND THE WORLD | D66: 72 & 75 | E66: - Review Kid's Box reports: Countries + Brazil, India, France, Mexico, Germany, Portugal, Greece, Spain, China + Brazilian, Indian, French, Mexican, German, Portuguese, Greek, Spanish, Chinese | F66: - Review present perfect - Regular and irregular past participles | G66: - Students remember new words - Students know the capital city and languages of the countries in the paragraph. | H66: 75 | I66: =B66 -> 60 | J66: Grammar 2
B67: 61 | C67: UNIT 8 AROUND THE WORLD | D67: 76-77 | E67: - Sounds: stressed words - Life skills: Understanding responsibilities - Story: Diggory bones | F67: What do you do? What's a typical day for you? Do you have to ...? Do you need to ...? | G67: - Student practice intonation in lists - With the story, make 3 questions so students will answer them after the story | H67: 76-77 | I67: =B67 -> 61 | J67: Reading 1 and 2 | L67: x
B68: 62 | C68: UNIT 8 AROUND THE WORLD | D68: 78-79 | E68: - Maths: Graphs and charts + abroad, currency, sightseeing, relaxing | F68: Superlatives | G68: - Students understand the history of English words and internation words from other countries. | H68: 78-79 | I68: =B68 -> 62 | J68: Vocabulary 2 & 3 | L68: x
B69: 63 | C69: UNIT 8 AROUND THE WORLD | D69: REVIEW & TEST | E69: - Review Unit 8 vocabulary and grammar - Unit 8 paper test | F69: - Review present perfect - Regular and irregular past participles | G69: - Students can do the test without any assistant - Students understand the value of lesson - Students can stand in front of class and talk about a country they like | H69: No homework | I69: =B69 -> 63 | J69: Game 1 and 2
B70: 64 | C70: EXTRA BOOKS STORY FUN 6 | D70: 52-59 | E70: Topic 7: The past and the future | G70: Students read the story and practice YLE exercises | H70: No homework | I70: =B70 -> 64
B71: 65 | C71: REVIEW UNIT 5 | D71: 46-53 | E71: Review Unit 5 vocabulary - Sea animals - Food chains | F71: Present perfect with "still" - We still haven't chosen a project - Has he playe with the sand? Yes, he has./ No, he hasn't. | G71: Students prepare for the Final test | H71: No homework | I71: =B71 -> 65 | J71: Unit 5 Game 1 & 2
B72: 66 | C72: REVIEW UNIT 6 | D72: 54-61 | E72: Review Unit 6 vocabulary - Hobbies - Popular music | F72: Quantifiers: some/any/every | G72: Students prepare for the Final test | H72: No homework | I72: =B72 -> 66 | J72: Unit 6 Game 1 & 2
B73: 67 | C73: REVIEW UNIT 7 | D73: 64-71 | E73: Review Unit 7 vocabulary - Fashion - Clothes | F73: - Review posibility: May/might - Present continuous and present simple to talk about clothes | G73: Students prepare for the Final test | H73: No homework | I73: =B73 -> 67 | J73: Unit 7 Game 1 & 2
B74: 68 | C74: REVIEW UNIT 8 | D74: 72-79 | E74: Review Unit 8 vocabulary - Countries | F74: - Review present perfect - Regular and irregular past participles | G74: Students prepare for the Final test | H74: No homework | I74: =B74 -> 68
B75: 69 | C75: TEST | E75: END OF LEVEL TEST - LISTENING, READING, WRITING (For Listening, each part will be listened in 2 times) | G75: - Teachers instruct students what to do in each part of the paper test - Teachers prepare worksheets for students to do in class if they finish early - Teachers also can do speaking test for students while they're doing the worksheets | H75: No homework | I75: =B75 -> 69
B76: 70 | C76: TEST | E76: END OF TERM LEVEL SPEAKING TEST (Teachers prepare worksheets for students to do in class) | G76: - Teachers prepare worksheets for students to do in class - Teachers instruct students what to do in each part of the speaking test - Teachers complete the speaking test for all students | H76: No homework | I76: =B76 -> 70
B77: 71 | C77: YLE PRACTICE | D77: Link | E77: EXTRA BOOK: FUN FOR FLYERS (Unit 43-49) | G77: - Students practice Flyers Cambridge exam - Teachers ask students to open Handbook | H77: No homework | I77: No homework
B78: 72 | C78: YLE PRACTICE | E78: EXTRA BOOK: FUN FOR FLYERS (Unit 22-28) | G78: - Students practice Flyers Cambridge exam - Teachers ask students to open Handbook | H78: No homework | I78: No homework

Sheet Trang tính3
B4: Grade | C4: Cột 2
B5: LESSONS | C5: 1
B6: UNITS | C6: =vlookup($C$5,'Sun 6'!B:J,2,0) -> UNIT 0 HIGH TECHNOLOGY
B7: Student's book & Activity's book pages | C7: =vlookup($C$5,'Sun 6'!B:J,3,0) -> 4-5
B8: Vocabulary Từ vựng | C8: =vlookup($C$5,'Sun 6'!B:J,4,0) -> - Introduce the topic, use mind-mapping to explore technology words
B9: Structures Cấu trúc câu/ Ngữ pháp | C9: =vlookup($C$5,'Sun 6'!B:J,5,0) -> - Present simple tense review
C10: =vlookup($C$5,'Sun 6'!B:J,2,0) -> UNIT 0 HIGH TECHNOLOGY
B11: Homework Handbook | C11: =vlookup($C$5,'Sun 6'!B:J,6,0) -> - Students can name all technology words as many as they can. (Use mind-mapping)
B12: E-learning | C12: =vlookup($C$5,'Sun 6'!B:J,7,0) -> 4-5
